[
	{
		"title": "Album 1",
		"titleBelow": "Artist 1",
		"tracks": [
			{"title": "Track 1-1", "titleBelow": "Artist 1","released": "28 May 2013", "genre": "Dance"},
			{"title": "Track 1-2", "titleBelow": "Artist 1","released": "28 May 2013", "genre": "Dance"},
			{"title": "Track 1-3", "titleBelow": "Artist 1","released": "28 May 2013", "genre": "Dance"},
			{"title": "Track 1-4", "titleBelow": "Artist 1","released": "28 May 2013", "genre": "Dance"},
			{"title": "Track 1-5", "titleBelow": "Artist 1","released": "28 May 2013", "genre": "Dance"},
			{"title": "Track 1-6", "titleBelow": "Artist 1","released": "28 May 2013", "genre": "Dance"},
			{"title": "Track 1-7", "titleBelow": "Artist 1","released": "28 May 2013", "genre": "Dance"},
			{"title": "Track 1-8", "titleBelow": "Artist 1","released": "28 May 2013", "genre": "Dance"},
			{"title": "Track 1-9", "titleBelow": "Artist 1","released": "28 May 2013", "genre": "Dance"},
			{"title": "Track 1-10", "titleBelow": "Artist 1","released": "28 May 2013", "genre": "Dance"},
			{"title": "Track 1-11", "titleBelow": "Artist 1","released": "28 May 2013", "genre": "Dance"},
			{"title": "Track 1-12", "titleBelow": "Artist 1","released": "28 May 2013", "genre": "Dance"}
		]
	},
	{
		"title": "Album 2",
		"titleBelow": "Artist 2",
		"tracks": [
			{"title": "Track 2-1", "titleBelow": "Artist 2","released": "15 May 2013", "genre": "Balad"},
			{"title": "Track 2-2", "titleBelow": "Artist 2","released": "15 May 2013", "genre": "Balad"},
			{"title": "Track 2-3", "titleBelow": "Artist 2","released": "15 May 2013", "genre": "Balad"},
			{"title": "Track 2-4", "titleBelow": "Artist 2","released": "15 May 2013", "genre": "Balad"},
			{"title": "Track 2-5", "titleBelow": "Artist 2","released": "15 May 2013", "genre": "Balad"},
			{"title": "Track 2-6", "titleBelow": "Artist 2","released": "15 May 2013", "genre": "Balad"},
			{"title": "Track 2-7", "titleBelow": "Artist 2","released": "15 May 2013", "genre": "Balad"},
			{"title": "Track 2-8", "titleBelow": "Artist 2","released": "15 May 2013", "genre": "Balad"},
			{"title": "Track 2-9", "titleBelow": "Artist 2","released": "15 May 2013", "genre": "Balad"},
			{"title": "Track 2-10", "titleBelow": "Artist 2","released": "15 May 2013", "genre": "Balad"},
			{"title": "Track 2-11", "titleBelow": "Artist 2","released": "15 May 2013", "genre": "Balad"},
			{"title": "Track 2-12", "titleBelow": "Artist 2","released": "15 May 2013", "genre": "Balad"}
		]
	},
	{
		"title": "Album 3",
		"titleBelow": "Artist 3",
		"tracks": [
			{"title": "Track 3-1", "titleBelow": "Artist 3","released": "15 May 2013", "genre": "Rock"},
			{"title": "Track 3-2", "titleBelow": "Artist 3","released": "15 May 2013", "genre": "Rock"},
			{"title": "Track 3-3", "titleBelow": "Artist 3","released": "15 May 2013", "genre": "Rock"},
			{"title": "Track 3-4", "titleBelow": "Artist 3","released": "15 May 2013", "genre": "Rock"},
			{"title": "Track 3-5", "titleBelow": "Artist 3","released": "15 May 2013", "genre": "Rock"},
			{"title": "Track 3-6", "titleBelow": "Artist 3","released": "15 May 2013", "genre": "Rock"},
			{"title": "Track 3-7", "titleBelow": "Artist 3","released": "15 May 2013", "genre": "Rock"},
			{"title": "Track 3-8", "titleBelow": "Artist 3","released": "15 May 2013", "genre": "Rock"},
			{"title": "Track 3-9", "titleBelow": "Artist 3","released": "15 May 2013", "genre": "Rock"},
			{"title": "Track 3-10", "titleBelow": "Artist 3","released": "15 May 2013", "genre": "Rock"},
			{"title": "Track 3-11", "titleBelow": "Artist 3","released": "15 May 2013", "genre": "Rock"},
			{"title": "Track 3-12", "titleBelow": "Artist 3","released": "15 May 2013", "genre": "Rock"}
		]
	}
]